{
  "$schema": "./node_modules/nx/schemas/nx-schema.json",
  "tasksRunnerOptions": {
    "default": {
      "runner": "nx/tasks-runners/default",
      "options": {
        "cacheableOperations": [
          "build",
          "lint",
          "test",
          "e2e",
          "build-storybook"
        ]
      }
    }
  },
  "targetDefaults": {
    "build": {
      "dependsOn": ["^build"],
      "inputs": ["production", "^production"]
    },
    "e2e": {
      "inputs": ["default", "^production"]
    },
    "lint": {
      "inputs": [
        "default",
        "{workspaceRoot}/.eslintrc.json",
        "{workspaceRoot}/.eslintignore"
      ]
    },
    "test": {
      "inputs": ["default", "^production", "{workspaceRoot}/jest.preset.js"]
    },
    "build-storybook": {
      "inputs": ["default", "^production", "!{projectRoot}/.storybook/**/*"]
    }
  },
  "namedInputs": {
    "default": ["{projectRoot}/**/*", "sharedGlobals"],
    "production": [
      "default",
      "!{projectRoot}/.eslintrc.json",
      "!{projectRoot}/**/?(*.)+(spec|test).[jt]s?(x)?(.snap)",
      "!{projectRoot}/tsconfig.spec.json",
      "!{projectRoot}/jest.config.[jt]s",
      "!{projectRoot}/**/*.stories.@(js|jsx|ts|tsx|mdx)",
      "!{projectRoot}/.storybook/**/*"
    ],
    "sharedGlobals": ["{workspaceRoot}/babel.config.json"]
  },
  "generators": {
    "@nx/react": {
      "application": {
        "style": "styled-components",
        "linter": "eslint",
        "bundler": "webpack",
        "babel": true
      },
      "component": {
        "style": "styled-components"
      },
      "library": {
        "style": "styled-components",
        "linter": "eslint"
      }
    }
  },
  "defaultProject": "friendsurance"
}
